{
  "Ansi 3 Color" : {
    "Red Component" : 0.78058868646621704,
    "Color Space" : "sRGB",
    "Blue Component" : 0,
    "Alpha Component" : 1,
    "Green Component" : 0.7695801854133606
  },
  "Tags" : [

  ],
  "Ansi 12 Color" : {
    "Red Component" : 0.16470588235294117,
    "Color Space" : "sRGB",
    "Blue Component" : 0.87058823529411766,
    "Alpha Component" : 1,
    "Green Component" : 0.76470588235294112
  },
  "Ansi 7 Color" : {
    "Red Component" : 0.78104299306869507,
    "Color Space" : "sRGB",
    "Blue Component" : 0.78104287385940552,
    "Alpha Component" : 1,
    "Green Component" : 0.78104287385940552
  },
  "Draw Powerline Glyphs" : true,
  "Bold Color" : {
    "Red Component" : 1,
    "Color Space" : "sRGB",
    "Blue Component" : 0.99999994039535522,
    "Alpha Component" : 1,
    "Green Component" : 0.99999994039535522
  },
  "Ansi 8 Color" : {
    "Red Component" : 0.40781933069229126,
    "Color Space" : "sRGB",
    "Blue Component" : 0.40781933069229126,
    "Alpha Component" : 1,
    "Green Component" : 0.40781933069229126
  },
  "Ansi 9 Color" : {
    "Red Component" : 1,
    "Color Space" : "sRGB",
    "Blue Component" : 0.40569734573364258,
    "Alpha Component" : 1,
    "Green Component" : 0.43033578991889954
  },
  "Custom Directory" : "No",
  "Rows" : 25,
  "Default Bookmark" : "No",
  "Right Option Key Sends" : 2,
  "Cursor Guide Color" : {
    "Red Component" : 0.70214027166366577,
    "Color Space" : "sRGB",
    "Blue Component" : 1,
    "Alpha Component" : 0.25,
    "Green Component" : 0.92681378126144409
  },
  "Non-ASCII Anti Aliased" : true,
  "Use Bright Bold" : true,
  "Ansi 10 Color" : {
    "Red Component" : 0.61960784313725492,
    "Color Space" : "sRGB",
    "Blue Component" : 0.41568627450980394,
    "Alpha Component" : 1,
    "Green Component" : 0.80784313725490198
  },
  "Ambiguous Double Width" : false,
  "Jobs to Ignore" : [
    "rlogin",
    "ssh",
    "slogin",
    "telnet"
  ],
  "Ansi 15 Color" : {
    "Red Component" : 1,
    "Color Space" : "sRGB",
    "Blue Component" : 0.99999994039535522,
    "Alpha Component" : 1,
    "Green Component" : 0.99999994039535522
  },
  "Foreground Color" : {
    "Red Component" : 0.75294117647058822,
    "Color Space" : "sRGB",
    "Blue Component" : 0.96078431372549022,
    "Alpha Component" : 1,
    "Green Component" : 0.792156862745098
  },
  "Bound Hosts" : [

  ],
  "Working Directory" : "\/Users\/fsossai",
  "Blinking Cursor" : false,
  "Disable Window Resizing" : true,
  "Sync Title" : false,
  "Prompt Before Closing 2" : false,
  "BM Growl" : true,
  "Mouse Reporting" : true,
  "Command" : "",
  "Description" : "Default",
  "Screen" : -1,
  "Selection Color" : {
    "Red Component" : 0.75813823938369751,
    "Color Space" : "sRGB",
    "Blue Component" : 1,
    "Alpha Component" : 1,
    "Green Component" : 0.86968445777893066
  },
  "Initial Use Transparency" : true,
  "Only The Default BG Color Uses Transparency" : false,
  "Columns" : 80,
  "Idle Code" : 0,
  "Hide After Opening" : false,
  "Ansi 13 Color" : {
    "Red Component" : 0.73333333333333328,
    "Color Space" : "sRGB",
    "Blue Component" : 0.96862745098039216,
    "Alpha Component" : 1,
    "Green Component" : 0.60392156862745094
  },
  "Brighten Bold Text" : true,
  "Custom Command" : "No",
  "ASCII Anti Aliased" : true,
  "Non Ascii Font" : "Monaco 12",
  "Vertical Spacing" : 1,
  "Use Bold Font" : true,
  "Left Option Key Changeable" : true,
  "Selected Text Color" : {
    "Red Component" : 0,
    "Color Space" : "sRGB",
    "Blue Component" : 0,
    "Alpha Component" : 1,
    "Green Component" : 0
  },
  "Option Key Sends" : 2,
  "Background Color" : {
    "Red Component" : 0.14117647058823529,
    "Color Space" : "sRGB",
    "Blue Component" : 0.23137254901960785,
    "Alpha Component" : 1,
    "Green Component" : 0.15686274509803921
  },
  "Ansi 11 Color" : {
    "Red Component" : 0.99950617551803589,
    "Color Space" : "sRGB",
    "Blue Component" : 0.403959721326828,
    "Alpha Component" : 1,
    "Green Component" : 0.98755413293838501
  },
  "Character Encoding" : 4,
  "Use Italic Font" : true,
  "Unlimited Scrollback" : false,
  "Keyboard Map" : {
    "0xf712-0x40000-0x0" : {
      "Version" : 0,
      "Action" : 10,
      "Text" : "[28;5~",
      "Label" : ""
    },
    "0x6b-0x40000-0x28" : {
      "Version" : 1,
      "Action" : 11,
      "Text" : "0x1b 0x66",
      "Label" : ""
    },
    "0x6d-0x40000-0x2e" : {
      "Version" : 1,
      "Action" : 38,
      "Text" : "\\u001b[C",
      "Label" : ""
    },
    "0x6b-0x100000-0x28" : {
      "Version" : 1,
      "Action" : 11,
      "Text" : "0x01b 0x64",
      "Label" : ""
    },
    "0x6b-0x140000-0x28" : {
      "Version" : 1,
      "Action" : 11,
      "Text" : "0x05",
      "Label" : ""
    },
    "0xf70e-0x20000-0x0" : {
      "Version" : 0,
      "Action" : 10,
      "Text" : "[23;2~",
      "Label" : ""
    },
    "0x70-0x40000-0x23" : {
      "Version" : 1,
      "Action" : 10,
      "Text" : "f",
      "Label" : ""
    },
    "0x32-0x40000-0x0" : {
      "Version" : 0,
      "Action" : 11,
      "Text" : "0x00",
      "Label" : ""
    },
    "0xf701-0x220000-0x0" : {
      "Version" : 0,
      "Action" : 10,
      "Text" : "[1;2B",
      "Label" : ""
    },
    "0xf700-0x240000-0x0" : {
      "Version" : 0,
      "Action" : 10,
      "Text" : "[1;5A",
      "Label" : ""
    },
    "0xf703-0x220000-0x0" : {
      "Version" : 0,
      "Action" : 10,
      "Text" : "[1;2C",
      "Label" : ""
    },
    "0xf70b-0x20000-0x0" : {
      "Version" : 0,
      "Action" : 10,
      "Text" : "[19;2~",
      "Label" : ""
    },
    "0xf702-0x240000-0x0" : {
      "Version" : 0,
      "Action" : 10,
      "Text" : "[1;5D",
      "Label" : ""
    },
    "0xf70d-0x40000-0x0" : {
      "Version" : 0,
      "Action" : 10,
      "Text" : "[21;5~",
      "Label" : ""
    },
    "0x6a-0x140000-0x26" : {
      "Version" : 1,
      "Action" : 11,
      "Text" : "0x01",
      "Label" : ""
    },
    "0xf701-0x260000-0x0" : {
      "Version" : 0,
      "Action" : 10,
      "Text" : "[1;6B",
      "Label" : ""
    },
    "0x6a-0x100000-0x26" : {
      "Version" : 1,
      "Action" : 11,
      "Text" : "0x01b 0x08",
      "Label" : ""
    },
    "0xf72b-0x40000-0x0" : {
      "Version" : 0,
      "Action" : 10,
      "Text" : "[1;5F",
      "Label" : ""
    },
    "0xf70a-0x40000-0x0" : {
      "Version" : 0,
      "Action" : 10,
      "Text" : "[18;5~",
      "Label" : ""
    },
    "0xf703-0x260000-0x0" : {
      "Version" : 0,
      "Action" : 10,
      "Text" : "[1;6C",
      "Label" : ""
    },
    "0xf709-0x20000-0x0" : {
      "Version" : 0,
      "Action" : 10,
      "Text" : "[17;2~",
      "Label" : ""
    },
    "0x36-0x40000-0x0" : {
      "Version" : 0,
      "Action" : 11,
      "Text" : "0x1e",
      "Label" : ""
    },
    "0xf706-0x20000-0x0" : {
      "Version" : 0,
      "Action" : 10,
      "Text" : "[1;2R",
      "Label" : ""
    },
    "0xf729-0x40000-0x0" : {
      "Version" : 0,
      "Action" : 10,
      "Text" : "[1;5H",
      "Label" : ""
    },
    "0x2d-0x40000-0x0" : {
      "Version" : 0,
      "Action" : 11,
      "Text" : "0x1f",
      "Label" : ""
    },
    "0xf708-0x40000-0x0" : {
      "Version" : 0,
      "Action" : 10,
      "Text" : "[15;5~",
      "Label" : ""
    },
    "0xf705-0x40000-0x0" : {
      "Version" : 0,
      "Action" : 10,
      "Text" : "[1;5Q",
      "Label" : ""
    },
    "0x70-0x100000-0x23" : {
      "Version" : 1,
      "Action" : 12,
      "Text" : "\\x1b[1C",
      "Label" : ""
    },
    "0xf711-0x40000-0x0" : {
      "Version" : 0,
      "Action" : 10,
      "Text" : "[26;5~",
      "Label" : ""
    },
    "0x33-0x40000-0x0" : {
      "Version" : 0,
      "Action" : 11,
      "Text" : "0x1b",
      "Label" : ""
    },
    "0x6e-0x40000-0x2d" : {
      "Version" : 1,
      "Action" : 38,
      "Text" : "\\u001b[D",
      "Label" : ""
    },